{"stats":{"minecraft:used":{"minecraft:oak_fence":6,"minecraft:cooked_mutton":1,"minecraft:stone_pickaxe":42,"minecraft:oak_planks":15,"minecraft:wooden_pickaxe":3,"minecraft:shield":24,"minecraft:oak_slab":118,"minecraft:crafting_table":3,"minecraft:oak_log":18,"minecraft:wooden_axe":48,"minecraft:oak_stairs":17,"minecraft:stone_axe":101,"minecraft:cobblestone":14,"minecraft:furnace":1,"minecraft:cooked_porkchop":1,"minecraft:cooked_beef":3},"minecraft:picked_up":{"minecraft:wooden_axe":1,"minecraft:iron_chestplate":2,"minecraft:crafting_table":3,"minecraft:cooked_beef":6,"minecraft:leather":6,"minecraft:wooden_pickaxe":1,"minecraft:oak_stairs":4,"minecraft:oak_log":49,"minecraft:shield":1,"minecraft:lapis_lazuli":12,"minecraft:dirt":14,"minecraft:string":2,"minecraft:iron_leggings":2,"minecraft:glass_pane":12,"minecraft:wheat_seeds":6,"minecraft:stone_pickaxe":2,"minecraft:beef":11,"minecraft:iron_ingot":9,"minecraft:iron_ore":5,"minecraft:iron_pickaxe":2,"minecraft:iron_sword":2,"minecraft:birch_sapling":3,"minecraft:oak_planks":18,"minecraft:iron_boots":1,"minecraft:furnace":1,"minecraft:oak_slab":52,"minecraft:stick":6,"minecraft:torch":1,"minecraft:porkchop":16,"minecraft:polished_andesite":5,"minecraft:rotten_flesh":1,"minecraft:stone_axe":1,"minecraft:iron_helmet":1,"minecraft:oak_sapling":1,"minecraft:black_wool":2,"minecraft:mutton":6,"minecraft:white_wool":2,"minecraft:cobblestone":77},"minecraft:dropped":{"minecraft:string":1},"minecraft:crafted":{"minecraft:cooked_beef":11,"minecraft:oak_slab":66,"minecraft:oak_planks":124,"minecraft:cooked_porkchop":8,"minecraft:wooden_pickaxe":1,"minecraft:furnace":1,"minecraft:stone_axe":1,"minecraft:cooked_mutton":3,"minecraft:air":0,"minecraft:shield":1,"minecraft:stick":16,"minecraft:iron_ingot":5,"minecraft:wooden_axe":1,"minecraft:iron_pickaxe":1,"minecraft:stone_pickaxe":1,"minecraft:oak_stairs":16,"minecraft:oak_fence":6},"minecraft:killed":{"minecraft:pig":4,"minecraft:spider":1,"minecraft:sheep":1,"minecraft:zombie":4,"minecraft:cow":4},"minecraft:mined":{"minecraft:oak_slab":37,"minecraft:crafting_table":3,"minecraft:tall_grass":5,"minecraft:cobblestone":11,"minecraft:oak_planks":1,"minecraft:furnace":1,"minecraft:iron_ore":5,"minecraft:birch_leaves":3,"minecraft:grass":51,"minecraft:oak_log":49,"minecraft:oak_stairs":4,"minecraft:stone":22,"minecraft:oak_leaves":5},"minecraft:custom":{"minecraft:interact_with_furnace":11,"minecraft:mob_kills":14,"minecraft:interact_with_crafting_table":16,"minecraft:play_one_minute":68525,"minecraft:leave_game":1,"minecraft:time_since_death":0,"minecraft:time_since_rest":11590,"minecraft:sprint_one_cm":79598,"minecraft:damage_taken":841,"minecraft:walk_one_cm":141611,"minecraft:damage_blocked_by_shield":585,"minecraft:drop":1,"minecraft:damage_dealt":1841,"minecraft:fly_one_cm":72449,"minecraft:crouch_one_cm":801,"minecraft:deaths":2,"minecraft:sneak_time":376,"minecraft:jump":665,"minecraft:walk_on_water_one_cm":3752,"minecraft:fall_one_cm":11033},"minecraft:killed_by":{"minecraft:zombie":2}},"DataVersion":2586}