{"stats":{"minecraft:killed_by":{"minecraft:zombie":1},"minecraft:killed":{"minecraft:zombie":1,"minecraft:chicken":1,"minecraft:cod":1},"minecraft:used":{"minecraft:oak_log":1,"minecraft:chicken":1,"minecraft:iron_sword":23,"minecraft:rotten_flesh":1,"minecraft:cooked_cod":1,"minecraft:egg":1},"minecraft:crafted":{"minecraft:cooked_cod":1,"minecraft:oak_planks":16,"minecraft:shield":1,"minecraft:stick":4,"minecraft:iron_ingot":2,"minecraft:iron_sword":1,"minecraft:iron_leggings":1},"minecraft:picked_up":{"minecraft:stick":2,"minecraft:iron_chestplate":2,"minecraft:chicken":1,"minecraft:oak_log":6,"minecraft:iron_leggings":1,"minecraft:rotten_flesh":1,"minecraft:kelp":4,"minecraft:wheat_seeds":2,"minecraft:iron_ingot":5,"minecraft:cod":1,"minecraft:egg":1},"minecraft:custom":{"minecraft:time_since_rest":16335,"minecraft:interact_with_furnace":6,"minecraft:sprint_one_cm":2924,"minecraft:damage_taken":520,"minecraft:walk_one_cm":56742,"minecraft:mob_kills":3,"minecraft:drop":1,"minecraft:damage_dealt":505,"minecraft:interact_with_crafting_table":6,"minecraft:fly_one_cm":6024,"minecraft:open_chest":8,"minecraft:crouch_one_cm":283,"minecraft:play_one_minute":24080,"minecraft:deaths":1,"minecraft:sneak_time":48,"minecraft:walk_under_water_one_cm":9447,"minecraft:jump":199,"minecraft:leave_game":3,"minecraft:walk_on_water_one_cm":5751,"minecraft:time_since_death":16265,"minecraft:fall_one_cm":2508},"minecraft:mined":{"minecraft:grass":7,"minecraft:oak_log":5,"minecraft:tall_grass":1,"minecraft:kelp":4},"minecraft:dropped":{"minecraft:wheat_seeds":1}},"DataVersion":2586}