{"stats":{"minecraft:killed_by":{"minecraft:zombie":1},"minecraft:killed":{"minecraft:skeleton":1,"minecraft:zombie":1,"minecraft:chicken":2,"minecraft:cod":1},"minecraft:used":{"minecraft:oak_log":1,"minecraft:chicken":1,"minecraft:iron_pickaxe":8,"minecraft:oak_planks":6,"minecraft:shield":2,"minecraft:iron_sword":27,"minecraft:cooked_chicken":1,"minecraft:rotten_flesh":1,"minecraft:cobblestone":5,"minecraft:cooked_cod":1,"minecraft:egg":1},"minecraft:crafted":{"minecraft:cooked_cod":1,"minecraft:oak_planks":16,"minecraft:shield":1,"minecraft:stick":4,"minecraft:iron_ingot":2,"minecraft:cooked_chicken":1,"minecraft:iron_pickaxe":1,"minecraft:iron_sword":1,"minecraft:iron_leggings":1},"minecraft:picked_up":{"minecraft:stick":2,"minecraft:iron_chestplate":2,"minecraft:feather":2,"minecraft:chicken":2,"minecraft:oak_log":6,"minecraft:iron_leggings":1,"minecraft:bone":1,"minecraft:arrow":1,"minecraft:rotten_flesh":1,"minecraft:kelp":4,"minecraft:wheat_seeds":2,"minecraft:granite":1,"minecraft:iron_ingot":5,"minecraft:oak_planks":4,"minecraft:cod":1,"minecraft:cobblestone":7,"minecraft:egg":2},"minecraft:custom":{"minecraft:time_since_rest":40123,"minecraft:interact_with_furnace":10,"minecraft:sprint_one_cm":3009,"minecraft:damage_taken":622,"minecraft:walk_one_cm":111809,"minecraft:damage_blocked_by_shield":70,"minecraft:mob_kills":5,"minecraft:drop":3,"minecraft:damage_dealt":685,"minecraft:interact_with_crafting_table":7,"minecraft:fly_one_cm":6721,"minecraft:open_chest":8,"minecraft:crouch_one_cm":368,"minecraft:play_one_minute":47868,"minecraft:deaths":1,"minecraft:sneak_time":58,"minecraft:walk_under_water_one_cm":9865,"minecraft:jump":396,"minecraft:leave_game":4,"minecraft:walk_on_water_one_cm":6807,"minecraft:time_since_death":40053,"minecraft:fall_one_cm":5417},"minecraft:mined":{"minecraft:granite":1,"minecraft:grass":7,"minecraft:oak_log":5,"minecraft:tall_grass":1,"minecraft:stone":7,"minecraft:oak_planks":4,"minecraft:kelp":4},"minecraft:dropped":{"minecraft:wheat_seeds":1,"minecraft:cobblestone":2}},"DataVersion":2586}