{"stats":{"minecraft:killed_by":{"minecraft:creeper":1,"minecraft:zombie":2,"minecraft:enderman":1},"minecraft:killed":{"minecraft:zombie_villager":1,"minecraft:spider":2,"minecraft:cod":5,"minecraft:creeper":1,"minecraft:skeleton":7,"minecraft:zombie":29},"minecraft:used":{"minecraft:cooked_mutton":2,"minecraft:birch_planks":21,"minecraft:stone_pickaxe":84,"minecraft:polished_andesite":9,"minecraft:oak_planks":6,"minecraft:wooden_pickaxe":32,"minecraft:chest":1,"minecraft:shield":68,"minecraft:iron_sword":134,"minecraft:rotten_flesh":21,"minecraft:oak_door":9,"minecraft:torch":41,"minecraft:dirt":14,"minecraft:oak_slab":6,"minecraft:crafting_table":4,"minecraft:cod":5,"minecraft:wooden_axe":40,"minecraft:iron_pickaxe":173,"minecraft:cobblestone":38,"minecraft:furnace":4,"minecraft:oak_sapling":1,"minecraft:birch_log":1,"minecraft:glass_pane":4},"minecraft:crafted":{"minecraft:oak_door":3,"minecraft:oak_slab":6,"minecraft:oak_planks":64,"minecraft:crafting_table":3,"minecraft:wooden_pickaxe":1,"minecraft:iron_helmet":2,"minecraft:iron_sword":2,"minecraft:furnace":2,"minecraft:birch_planks":40,"minecraft:air":0,"minecraft:glass_pane":16,"minecraft:glass":6,"minecraft:iron_boots":2,"minecraft:iron_chestplate":2,"minecraft:shield":1,"minecraft:stick":24,"minecraft:iron_ingot":64,"minecraft:iron_pickaxe":1,"minecraft:stone_pickaxe":1,"minecraft:wooden_axe":1,"minecraft:chest":1,"minecraft:iron_leggings":2,"minecraft:torch":40,"minecraft:stone_hoe":1,"minecraft:polished_andesite":8,"minecraft:diamond_chestplate":1},"minecraft:picked_up":{"minecraft:wooden_axe":2,"minecraft:birch_log":22,"minecraft:crafting_table":1,"minecraft:iron_chestplate":2,"minecraft:cooked_beef":8,"minecraft:andesite":32,"minecraft:leather":3,"minecraft:wooden_pickaxe":3,"minecraft:oak_stairs":3,"minecraft:birch_planks":44,"minecraft:oak_log":28,"minecraft:shield":3,"minecraft:string":1,"minecraft:lapis_lazuli":36,"minecraft:dirt":58,"minecraft:iron_leggings":3,"minecraft:cooked_mutton":2,"minecraft:bone":21,"minecraft:glass_pane":24,"minecraft:kelp":12,"minecraft:bow":3,"minecraft:wheat_seeds":4,"minecraft:iron_ingot":17,"minecraft:stone_pickaxe":4,"minecraft:iron_ore":80,"minecraft:iron_pickaxe":3,"minecraft:stone_hoe":3,"minecraft:birch_sapling":1,"minecraft:iron_sword":3,"minecraft:oak_planks":13,"minecraft:iron_boots":3,"minecraft:furnace":3,"minecraft:oak_slab":12,"minecraft:stick":12,"minecraft:cooked_porkchop":7,"minecraft:oak_door":6,"minecraft:torch":40,"minecraft:sand":10,"minecraft:diorite":3,"minecraft:gold_ore":33,"minecraft:spider_eye":1,"minecraft:polished_andesite":14,"minecraft:arrow":21,"minecraft:rotten_flesh":46,"minecraft:diamond_chestplate":2,"minecraft:diamond":8,"minecraft:stone_axe":1,"minecraft:peony":4,"minecraft:iron_helmet":3,"minecraft:granite":3,"minecraft:oak_sapling":5,"minecraft:black_wool":1,"minecraft:coal":28,"minecraft:cod":5,"minecraft:white_wool":1,"minecraft:cobblestone":196},"minecraft:custom":{"minecraft:interact_with_furnace":29,"minecraft:mob_kills":45,"minecraft:interact_with_crafting_table":15,"minecraft:play_one_minute":72715,"minecraft:leave_game":4,"minecraft:time_since_death":14359,"minecraft:time_since_rest":14384,"minecraft:sprint_one_cm":141756,"minecraft:damage_taken":1718,"minecraft:damage_blocked_by_shield":1820,"minecraft:walk_one_cm":167110,"minecraft:drop":9,"minecraft:damage_dealt":8184,"minecraft:swim_one_cm":5523,"minecraft:fly_one_cm":134269,"minecraft:open_chest":5,"minecraft:crouch_one_cm":16004,"minecraft:deaths":4,"minecraft:sneak_time":7930,"minecraft:walk_under_water_one_cm":10251,"minecraft:jump":1033,"minecraft:walk_on_water_one_cm":15495,"minecraft:fall_one_cm":18286},"minecraft:broken":{"minecraft:wooden_axe":1,"minecraft:wooden_pickaxe":1},"minecraft:mined":{"minecraft:diamond_ore":8,"minecraft:oak_slab":6,"minecraft:oak_door":6,"minecraft:kelp_plant":1,"minecraft:crafting_table":1,"minecraft:torch":1,"minecraft:grass_block":30,"minecraft:tall_grass":1,"minecraft:cobblestone":3,"minecraft:lapis_ore":2,"minecraft:oak_planks":2,"minecraft:diorite":1,"minecraft:tall_seagrass":1,"minecraft:birch_planks":2,"minecraft:furnace":2,"minecraft:birch_log":11,"minecraft:iron_ore":81,"minecraft:birch_leaves":1,"minecraft:andesite":16,"minecraft:peony":1,"minecraft:grass":13,"minecraft:coal_ore":22,"minecraft:oak_log":16,"minecraft:sand":10,"minecraft:stone":95,"minecraft:polished_andesite":4,"minecraft:gold_ore":11,"minecraft:oak_leaves":11},"minecraft:dropped":{"minecraft:iron_sword":1,"minecraft:kelp":3,"minecraft:iron_helmet":1,"minecraft:iron_boots":1,"minecraft:peony":1,"minecraft:iron_chestplate":2,"minecraft:oak_sapling":1,"minecraft:iron_leggings":1}},"DataVersion":2586}