{"stats":{"minecraft:killed_by":{"minecraft:creeper":1,"minecraft:enderman":2,"minecraft:zombie":2},"minecraft:killed":{"minecraft:spider":5,"minecraft:cod":5,"minecraft:skeleton":13,"minecraft:zombie_villager":1,"minecraft:creeper":4,"minecraft:zombie":38,"minecraft:enderman":1},"minecraft:used":{"minecraft:chest":1,"minecraft:shield":117,"minecraft:iron_sword":228,"minecraft:rotten_flesh":21,"minecraft:oak_door":9,"minecraft:torch":174,"minecraft:dirt":14,"minecraft:granite":1,"minecraft:wooden_axe":40,"minecraft:lava_bucket":43,"minecraft:oak_sapling":1,"minecraft:furnace":4,"minecraft:cooked_beef":6,"minecraft:cooked_mutton":2,"minecraft:water_bucket":2,"minecraft:birch_planks":25,"minecraft:stone_pickaxe":85,"minecraft:polished_andesite":9,"minecraft:oak_planks":7,"minecraft:ender_pearl":1,"minecraft:wooden_pickaxe":32,"minecraft:oak_slab":6,"minecraft:crafting_table":7,"minecraft:cod":5,"minecraft:diamond_pickaxe":56,"minecraft:iron_pickaxe":744,"minecraft:cobblestone":98,"minecraft:cooked_porkchop":7,"minecraft:bucket":45,"minecraft:birch_log":1,"minecraft:glass_pane":4},"minecraft:crafted":{"minecraft:oak_door":3,"minecraft:oak_planks":80,"minecraft:furnace":2,"minecraft:glass_pane":16,"minecraft:glass":8,"minecraft:iron_boots":2,"minecraft:stone_pickaxe":1,"minecraft:chest":1,"minecraft:stone_hoe":1,"minecraft:coal_block":2,"minecraft:oak_slab":6,"minecraft:crafting_table":6,"minecraft:wooden_pickaxe":1,"minecraft:iron_helmet":2,"minecraft:iron_sword":2,"minecraft:bucket":1,"minecraft:birch_planks":40,"minecraft:air":0,"minecraft:iron_chestplate":2,"minecraft:diamond_pickaxe":1,"minecraft:shield":1,"minecraft:stick":76,"minecraft:iron_ingot":86,"minecraft:iron_pickaxe":2,"minecraft:wooden_axe":1,"minecraft:iron_leggings":2,"minecraft:torch":216,"minecraft:diamond_chestplate":1,"minecraft:polished_andesite":8},"minecraft:picked_up":{"minecraft:wooden_axe":3,"minecraft:crafting_table":1,"minecraft:iron_chestplate":2,"minecraft:wooden_pickaxe":4,"minecraft:oak_stairs":3,"minecraft:shield":4,"minecraft:string":5,"minecraft:iron_leggings":4,"minecraft:glass_pane":36,"minecraft:iron_pickaxe":5,"minecraft:birch_sapling":1,"minecraft:iron_boots":4,"minecraft:furnace":4,"minecraft:stick":12,"minecraft:sandstone":3,"minecraft:oak_door":6,"minecraft:torch":143,"minecraft:diorite":3,"minecraft:redstone":51,"minecraft:arrow":34,"minecraft:diamond_chestplate":3,"minecraft:rotten_flesh":54,"minecraft:peony":4,"minecraft:obsidian":24,"minecraft:cod":5,"minecraft:white_wool":2,"minecraft:cobblestone":375,"minecraft:birch_log":22,"minecraft:cooked_beef":15,"minecraft:andesite":32,"minecraft:leather":3,"minecraft:birch_planks":65,"minecraft:flint":2,"minecraft:oak_log":32,"minecraft:lapis_lazuli":148,"minecraft:dirt":58,"minecraft:cooked_mutton":2,"minecraft:glass":2,"minecraft:bone":31,"minecraft:kelp":12,"minecraft:bow":5,"minecraft:wheat_seeds":4,"minecraft:stone_pickaxe":6,"minecraft:iron_ingot":39,"minecraft:iron_ore":265,"minecraft:stone_hoe":4,"minecraft:iron_sword":4,"minecraft:oak_planks":28,"minecraft:oak_slab":12,"minecraft:cooked_porkchop":14,"minecraft:gravel":28,"minecraft:sand":12,"minecraft:gold_ore":66,"minecraft:spider_eye":3,"minecraft:polished_andesite":14,"minecraft:diamond":13,"minecraft:stone_axe":2,"minecraft:iron_helmet":4,"minecraft:granite":14,"minecraft:oak_sapling":6,"minecraft:black_wool":1,"minecraft:coal":97,"minecraft:ender_pearl":1},"minecraft:custom":{"minecraft:mob_kills":72,"minecraft:interact_with_crafting_table":19,"minecraft:leave_game":7,"minecraft:time_since_death":64207,"minecraft:sprint_one_cm":295940,"minecraft:walk_one_cm":271244,"minecraft:damage_blocked_by_shield":3615,"minecraft:drop":23,"minecraft:deaths":5,"minecraft:sneak_time":20059,"minecraft:walk_under_water_one_cm":20164,"minecraft:jump":2223,"minecraft:walk_on_water_one_cm":72107,"minecraft:interact_with_furnace":45,"minecraft:play_one_minute":147441,"minecraft:time_since_rest":64232,"minecraft:damage_taken":2783,"minecraft:damage_dealt":13093,"minecraft:swim_one_cm":9289,"minecraft:fly_one_cm":280952,"minecraft:open_chest":9,"minecraft:crouch_one_cm":54549,"minecraft:fall_one_cm":41819},"minecraft:broken":{"minecraft:wooden_pickaxe":1,"minecraft:shield":1,"minecraft:iron_pickaxe":3,"minecraft:wooden_axe":1},"minecraft:mined":{"minecraft:diamond_ore":13,"minecraft:oak_door":6,"minecraft:obsidian":29,"minecraft:granite":6,"minecraft:grass_block":33,"minecraft:sandstone":4,"minecraft:tall_seagrass":1,"minecraft:redstone_ore":12,"minecraft:furnace":2,"minecraft:iron_ore":267,"minecraft:andesite":33,"minecraft:peony":1,"minecraft:stone":303,"minecraft:oak_slab":6,"minecraft:kelp_plant":1,"minecraft:crafting_table":1,"minecraft:torch":9,"minecraft:tall_grass":1,"minecraft:cobblestone":5,"minecraft:lapis_ore":17,"minecraft:oak_planks":2,"minecraft:diorite":21,"minecraft:wall_torch":4,"minecraft:birch_planks":2,"minecraft:birch_log":11,"minecraft:birch_leaves":1,"minecraft:grass":15,"minecraft:oak_log":20,"minecraft:coal_ore":91,"minecraft:gravel":18,"minecraft:sand":10,"minecraft:dirt":5,"minecraft:polished_andesite":4,"minecraft:gold_ore":33,"minecraft:oak_leaves":12},"minecraft:dropped":{"minecraft:stone_hoe":1,"minecraft:iron_ingot":2,"minecraft:iron_sword":1,"minecraft:iron_helmet":1,"minecraft:cobblestone":3,"minecraft:granite":9,"minecraft:stick":2,"minecraft:iron_leggings":1,"minecraft:sand":2,"minecraft:white_wool":1,"minecraft:gravel":26,"minecraft:kelp":3,"minecraft:iron_boots":1,"minecraft:peony":1,"minecraft:iron_chestplate":3,"minecraft:oak_sapling":2,"minecraft:sandstone":3,"minecraft:bow":1,"minecraft:glass":2}},"DataVersion":2586}