{"stats":{"minecraft:killed_by":{"minecraft:creeper":1,"minecraft:enderman":2,"minecraft:zombie":2},"minecraft:killed":{"minecraft:spider":4,"minecraft:cod":5,"minecraft:skeleton":12,"minecraft:zombie_villager":1,"minecraft:creeper":1,"minecraft:zombie":30,"minecraft:enderman":1},"minecraft:used":{"minecraft:chest":1,"minecraft:shield":109,"minecraft:iron_sword":169,"minecraft:rotten_flesh":21,"minecraft:oak_door":9,"minecraft:torch":117,"minecraft:dirt":14,"minecraft:granite":1,"minecraft:wooden_axe":40,"minecraft:lava_bucket":39,"minecraft:oak_sapling":1,"minecraft:furnace":4,"minecraft:cooked_beef":1,"minecraft:cooked_mutton":2,"minecraft:birch_planks":25,"minecraft:polished_andesite":9,"minecraft:stone_pickaxe":85,"minecraft:oak_planks":7,"minecraft:wooden_pickaxe":32,"minecraft:oak_slab":6,"minecraft:crafting_table":5,"minecraft:cod":5,"minecraft:iron_pickaxe":360,"minecraft:cobblestone":61,"minecraft:cooked_porkchop":1,"minecraft:birch_log":1,"minecraft:bucket":40,"minecraft:glass_pane":4},"minecraft:crafted":{"minecraft:oak_door":3,"minecraft:oak_planks":80,"minecraft:furnace":2,"minecraft:glass_pane":16,"minecraft:glass":8,"minecraft:iron_boots":2,"minecraft:stone_pickaxe":1,"minecraft:chest":1,"minecraft:stone_hoe":1,"minecraft:oak_slab":6,"minecraft:crafting_table":4,"minecraft:wooden_pickaxe":1,"minecraft:iron_helmet":2,"minecraft:iron_sword":2,"minecraft:bucket":1,"minecraft:birch_planks":40,"minecraft:air":0,"minecraft:iron_chestplate":2,"minecraft:shield":1,"minecraft:stick":48,"minecraft:iron_ingot":86,"minecraft:iron_pickaxe":1,"minecraft:wooden_axe":1,"minecraft:iron_leggings":2,"minecraft:torch":136,"minecraft:diamond_chestplate":1,"minecraft:polished_andesite":8},"minecraft:picked_up":{"minecraft:wooden_axe":3,"minecraft:iron_chestplate":2,"minecraft:crafting_table":1,"minecraft:wooden_pickaxe":4,"minecraft:oak_stairs":3,"minecraft:shield":4,"minecraft:string":4,"minecraft:iron_leggings":4,"minecraft:glass_pane":36,"minecraft:iron_pickaxe":5,"minecraft:birch_sapling":1,"minecraft:iron_boots":4,"minecraft:furnace":4,"minecraft:stick":12,"minecraft:sandstone":3,"minecraft:oak_door":6,"minecraft:torch":134,"minecraft:diorite":3,"minecraft:arrow":34,"minecraft:diamond_chestplate":3,"minecraft:rotten_flesh":50,"minecraft:peony":4,"minecraft:cod":5,"minecraft:white_wool":2,"minecraft:cobblestone":269,"minecraft:birch_log":22,"minecraft:cooked_beef":15,"minecraft:andesite":32,"minecraft:leather":3,"minecraft:birch_planks":65,"minecraft:flint":2,"minecraft:oak_log":32,"minecraft:lapis_lazuli":48,"minecraft:dirt":58,"minecraft:cooked_mutton":2,"minecraft:glass":2,"minecraft:bone":29,"minecraft:kelp":12,"minecraft:bow":5,"minecraft:wheat_seeds":4,"minecraft:stone_pickaxe":6,"minecraft:iron_ingot":39,"minecraft:iron_ore":154,"minecraft:oak_planks":28,"minecraft:iron_sword":4,"minecraft:stone_hoe":4,"minecraft:oak_slab":12,"minecraft:cooked_porkchop":14,"minecraft:gravel":28,"minecraft:sand":12,"minecraft:gold_ore":45,"minecraft:spider_eye":2,"minecraft:polished_andesite":14,"minecraft:diamond":8,"minecraft:stone_axe":2,"minecraft:iron_helmet":4,"minecraft:granite":5,"minecraft:oak_sapling":6,"minecraft:black_wool":1,"minecraft:coal":60,"minecraft:ender_pearl":1},"minecraft:custom":{"minecraft:mob_kills":54,"minecraft:interact_with_crafting_table":16,"minecraft:leave_game":4,"minecraft:time_since_death":18287,"minecraft:sprint_one_cm":231222,"minecraft:walk_one_cm":219547,"minecraft:damage_blocked_by_shield":3365,"minecraft:drop":13,"minecraft:deaths":5,"minecraft:sneak_time":13105,"minecraft:walk_under_water_one_cm":14298,"minecraft:jump":1551,"minecraft:walk_on_water_one_cm":30700,"minecraft:interact_with_furnace":41,"minecraft:play_one_minute":101521,"minecraft:time_since_rest":18312,"minecraft:damage_taken":2103,"minecraft:damage_dealt":10186,"minecraft:swim_one_cm":7789,"minecraft:fly_one_cm":206119,"minecraft:open_chest":8,"minecraft:crouch_one_cm":33425,"minecraft:fall_one_cm":29610},"minecraft:broken":{"minecraft:wooden_pickaxe":1,"minecraft:iron_pickaxe":1,"minecraft:wooden_axe":1},"minecraft:mined":{"minecraft:diamond_ore":8,"minecraft:oak_door":6,"minecraft:granite":1,"minecraft:grass_block":30,"minecraft:sandstone":4,"minecraft:tall_seagrass":1,"minecraft:furnace":2,"minecraft:iron_ore":157,"minecraft:andesite":16,"minecraft:peony":1,"minecraft:stone":155,"minecraft:oak_slab":6,"minecraft:kelp_plant":1,"minecraft:crafting_table":1,"minecraft:torch":6,"minecraft:tall_grass":1,"minecraft:cobblestone":3,"minecraft:lapis_ore":2,"minecraft:oak_planks":2,"minecraft:diorite":1,"minecraft:wall_torch":1,"minecraft:birch_planks":2,"minecraft:birch_log":11,"minecraft:birch_leaves":1,"minecraft:grass":15,"minecraft:oak_log":20,"minecraft:coal_ore":54,"minecraft:gravel":16,"minecraft:sand":10,"minecraft:polished_andesite":4,"minecraft:gold_ore":12,"minecraft:oak_leaves":12},"minecraft:dropped":{"minecraft:iron_ingot":2,"minecraft:iron_sword":1,"minecraft:iron_helmet":1,"minecraft:cobblestone":1,"minecraft:iron_leggings":1,"minecraft:kelp":3,"minecraft:iron_boots":1,"minecraft:peony":1,"minecraft:iron_chestplate":3,"minecraft:oak_sapling":2}},"DataVersion":2586}